thesis_id,occasion_id,thesis_num,category
0,0,0,Schule
1,0,1,Schule
2,0,2,Kopfnote
3,0,3,Studiengebühren
4,0,4,G8
5,0,5,Cannabis
6,0,6,Droge
7,0,7,Bleiberecht
8,0,8,Steuer
9,0,9,Wählen ab 16
10,0,10,Direkte Demokratie
11,0,11,Wahlrecht
12,0,12,EU-Föderalismus
13,0,13,Schule
14,0,14,LANDESSPEZIFISCH
15,0,15,Flughafen
16,0,16,Rente
17,0,17,Meister
18,0,18,Arbeitnehmerrechte
19,0,19,Direkte Demokratie
20,1,0,Türkei
21,1,1,Arbeitnehmer mit Migrationshintergrund
22,1,2,Direkte Demokratie
23,1,3,Christliche Werte
24,1,4,EU-Föderalismus
25,1,5,Christliche Werte
26,1,6,Direkte Demokratie
27,1,7,EU-Stabilitätspakt
28,1,8,Europa
29,1,9,EU-Steuer
30,1,10,EU-Föderalismus
31,1,11,Wirtschaftssystem
32,1,12,Steuer
33,1,13,Arbeitnehmerrechte
34,1,14,Droge
35,1,15,Atomenergie
36,1,16,kommunale Grundversorgung
37,1,17,Umweltschutz
38,1,18,Atomenergie
39,1,19,Schule
40,1,20,Gentechnik
41,1,21,Arbeitnehmer mit Migrationshintergrund
42,1,22,Digitale Grundrechte
43,1,23,Polizei
44,1,24,Digitale Grundrechte
45,1,25,Grenzkontrollen
46,1,26,Polizei
47,1,27,Entwicklungshilfe
48,1,28,EU-Armee
49,1,29,Friedenspolitik
50,2,0,Kohle
51,2,1,Gewerbesteuer
52,2,2,Wählen ab 16
53,2,3,Kultur
54,2,4,Verfassungsschutz
55,2,5,Videoüberwachung
56,2,6,Polizei
57,2,7,Schule
58,2,8,Schulsystem-Gliederung
59,2,9,G8
60,2,10,Schule
61,2,11,Kopfnote
62,2,12,Schule
63,2,13,Universität
64,2,14,Arbeitnehmerrechte
65,2,15,Arbeitslosigkeit
66,2,16,Ausbildung
67,2,17,Ausbildung
68,2,18,Droge
69,2,19,Ehe für Alle
70,2,20,Gentechnik
71,2,21,Erneuerbare Energie
72,2,22,Müll
73,3,0,Ausbildung
74,3,1,Sozialpolitik
75,3,2,Arbeitnehmerrechte
76,3,3,Arbeitnehmerrechte
77,3,4,Ladenöffnungszeit
78,3,5,Mindestlohn
79,3,6,Schuldenbremse
80,3,7,Kultur
81,3,8,Privatisierung
82,3,9,Gentechnik
83,3,10,Müll
84,3,11,Erneuerbare Energie
85,3,12,Schule
86,3,13,Schule
87,3,14,Schule
88,3,15,Schule
89,3,16,Schule
90,3,17,Schule
91,3,18,KiTa
92,3,19,Ehe für Alle
93,3,20,Videoüberwachung
94,3,21,Polizeieinsatz-Kosten
95,3,22,Cannabis
96,3,23,Graffiti
97,3,24,Wählen ab 16
98,3,25,Direkte Demokratie
99,3,26,Wahlrecht
100,4,0,Droge
101,4,1,Krankenversicherung
102,4,2,Sprachkurs
103,4,3,Jugendarbeit
104,4,4,KiTa
105,4,5,Schulsystem-Gliederung
106,4,6,Kopftuch
107,4,7,Zentralabitur
108,4,8,Schule
109,4,9,Schulsystem-Gliederung
110,4,10,Studiengebühren
111,4,11,Verkehr
112,4,12,Autobahn
113,4,13,Flughafen
114,4,14,Autobahn
115,4,15,Arbeitnehmerrechte
116,4,16,Ausbildung
117,4,17,Ladenöffnungszeit
118,4,18,Jugendstrafrecht
119,4,19,Videoüberwachung
120,4,20,Graffiti
121,4,21,Cannabis
122,4,22,Beamtete Lehrer
123,4,23,Gebietsreform
124,4,24,Wahlrecht
125,4,25,Wählen ab 16
126,4,26,Erneuerbare Energie
127,4,27,Umweltschutz
128,4,28,Atomenergie
129,5,0,Erneuerbare Energie
130,5,1,Kohle
131,5,2,Autobahn
132,5,3,Flughafen
133,5,4,Ökologische Landwirtschaft
134,5,5,Gentechnik
135,5,6,Arbeitnehmerrechte
136,5,7,Meister
137,5,8,Ausbildung
138,5,9,Ladenöffnungszeit
139,5,10,Steuer
140,5,11,Tiere
141,5,12,Inklusion
142,5,13,KiTa
143,5,14,Jugendbeirat
144,5,15,Schule
145,5,16,Sitzenbleiben
146,5,17,Beamtete Lehrer
147,5,18,Studiengebühren
148,5,19,Schule
149,5,20,Jugendschutz
150,5,21,Cannabis
151,5,22,Abtreibung
152,5,23,Privatisierung
153,5,24,Kopftuch
154,5,25,Digitale Grundrechte
155,5,26,Polizeieinsatz-Kosten
156,5,27,Videoüberwachung
157,5,28,Nebeneinkünfte
158,6,0,Tempolimit
159,6,1,Arbeitnehmerrechte
160,6,2,Atomenergie
161,6,3,Steuer
162,6,4,Türkei
163,6,5,Steuer
164,6,6,Mindestlohn
165,6,7,Steuer
166,6,8,Müll
167,6,9,Krankenversicherung
168,6,10,Steuer
169,6,11,Subvention
170,6,12,Europa
171,6,13,Kohle
172,6,14,Bundeswehr im Inneren
173,6,15,Nebeneinkünfte
174,6,16,Sprachtest
175,6,17,Studiengebühren
176,6,18,Kooperationsverbot
177,6,19,BAföG
178,6,20,Betreuungsgeld
179,6,21,Abtreibung
180,6,22,Digitale Grundrechte
181,6,23,Wehrpflicht
182,6,24,Videoüberwachung
183,6,25,Ehe für Alle
184,6,26,Wählen ab 16
185,6,27,Digitale Grundrechte
186,6,28,Cannabis
187,6,29,Direkte Demokratie
188,7,0,Ladenöffnungszeit
189,7,1,Privatisierung
190,7,2,Graffiti
191,7,3,Schule
192,7,4,Kopfnote
193,7,5,Sitzenbleiben
194,7,6,Autobahn
195,7,7,Diesel
196,7,8,Verkehr
197,7,9,Gewerbesteuer
198,7,10,Privatisierung
199,7,11,Droge
200,7,12,1-Euro-Job
201,7,13,Religionsunterricht
202,7,14,Studiengebühren
203,7,15,ÖPNV
204,7,16,Verkehr
205,7,17,Krankenhaus-Privatisierung
206,7,18,Frauenquote
207,7,19,Sprachtest
208,7,20,Rauchverbot
209,7,21,Polizisten-Kennzeichnung
210,7,22,Schule
211,7,23,Sozialpolitik
212,7,24,KiTa
213,7,25,Schulsystem-Gliederung
214,7,26,Kultur
215,7,27,Polizei
216,7,28,Wahlrecht
217,7,29,Flughafen
218,8,0,Flughafen
219,8,1,Atomenergie
220,8,2,Gentechnik
221,8,3,Projekt
222,8,4,Graffiti
223,8,5,Studiengebühren
224,8,6,Universität
225,8,7,G8
226,8,8,Beamtete Lehrer
227,8,9,Sprachtest
228,8,10,Betreuungsgeld
229,8,11,Kündigungsschutz
230,8,12,REST
231,8,13,Vermögenssteuer
232,8,14,Digitale Grundrechte
233,8,15,Verkehr
234,8,16,Schülerticket
235,8,17,Schulsystem-Gliederung
236,8,18,KiTa
237,8,19,Videoüberwachung
238,8,20,Wählen ab 16
239,8,21,Jugendschutz
240,8,22,Droge
241,8,23,Tierschutz
242,8,24,Verkehr
243,8,25,Flüchtling
244,8,26,Arbeitnehmerrechte
245,8,27,Wahlrecht für Ausländer
246,8,28,Jugendschutz
247,8,29,Direkte Demokratie
248,9,0,Tempolimit
249,9,1,Kohle
250,9,2,Studiengebühren
251,9,3,Müll
252,9,4,Sprachtest
253,9,5,Schulsystem-Gliederung
254,9,6,Bleiberecht
255,9,7,KiTa
256,9,8,KiTa
257,9,9,Polizeieinsatz-Kosten
258,9,10,Polizei
259,9,11,Direkte Demokratie
260,9,12,Religionsfreiheit
261,9,13,Schule
262,9,14,Schule
263,9,15,Sozialpolitik
264,9,16,REST
265,9,17,Jugendstrafrecht
266,9,18,Mindestlohn
267,9,19,kommunale Grundversorgung
268,9,20,Atomenergie
269,9,21,Droge
270,9,22,Diesel
271,9,23,Sozialticket
272,9,24,Jugendstrafrecht
273,9,25,Schule
274,9,26,Sozialpolitik
275,9,27,Ehe für Alle
276,9,28,Kündigungsschutz
277,9,29,Wählen ab 16
278,10,0,Droge
279,10,1,Studiengebühren
280,10,2,Flussvertiefung
281,10,3,Mindestlohn
282,10,4,Sozialer Wohnungsbau
283,10,5,KiTa
284,10,6,Sprachtest
285,10,7,Schulsystem-Gliederung
286,10,8,Rauchverbot
287,10,9,Ladenöffnungszeit
288,10,10,Steuer
289,10,11,Privatisierung
290,10,12,Verkehr
291,10,13,Autobahn
292,10,14,Gebietsreform
293,10,15,Ehe für Alle
294,10,16,Kohle
295,10,17,kommunale Grundversorgung
296,10,18,Krankenhaus-Privatisierung
297,10,19,Sozialticket
298,10,20,Flüchtling
299,10,21,Schuldenbremse
300,10,22,Universität
301,10,23,Ausbildung
302,10,24,Beamtete Lehrer
303,10,25,Schule
304,10,26,Jugendstrafrecht
305,10,27,LANDESSPEZIFISCH
306,10,28,Videoüberwachung
307,10,29,Direkte Demokratie
308,11,0,Atomenergie
309,11,1,Mindestlohn
310,11,2,Bundeswehr
311,11,3,EU-Austritt
312,11,4,Managergehälter
313,11,5,Digitale Grundrechte
314,11,6,Studiengebühren
315,11,7,Sprachtest
316,11,8,Tierschutz
317,11,9,Bank
318,11,10,Friedenspolitik
319,11,11,Frauenquote
320,11,12,Steuer
321,11,13,Direkte Demokratie
322,11,14,Betreuungsgeld
323,11,15,Ausbildung
324,11,16,Kündigungsschutz
325,11,17,Türkei
326,11,18,Tempolimit
327,11,19,BAföG
328,11,20,D-Mark
329,11,21,Ökologische Landwirtschaft
330,11,22,Christliche Werte
331,11,23,Privatisierung
332,11,24,Wehrpflicht
333,11,25,Gentechnik
334,11,26,Ehe für Alle
335,11,27,Vermögenssteuer
336,11,28,Kooperationsverbot
337,11,29,Flüchtling
338,11,30,Gesundheit
339,11,31,Rente
340,11,32,Friedenspolitik
341,11,33,Schulsystem-Gliederung
342,11,34,Wahlrecht für Ausländer
343,11,35,Arbeitslosigkeit
344,11,36,Bundeswehr im Inneren
345,11,37,Staatsform
346,12,0,Gentechnik
347,12,1,EU-Erweiterung
348,12,2,Flüchtling
349,12,3,Managergehälter
350,12,4,Traditionelles Familienbild
351,12,5,Gesundheit
352,12,6,Entwicklungshilfe
353,12,7,Wählen ab 16
354,12,8,Arbeitnehmer mit Migrationshintergrund
355,12,9,REST
356,12,10,Digitale Grundrechte
357,12,11,Europa
358,12,12,Atomenergie
359,12,13,Subvention
360,12,14,Wahlrecht
361,12,15,REST
362,12,16,Tempolimit
363,12,17,Staatsform
364,12,18,EU-Armee
365,12,19,Bank
366,12,20,EU-Austritt
367,12,21,Erneuerbare Energie
368,12,22,Steuer
369,12,23,Friedenspolitik
370,12,24,EU-Außenpolitik
371,12,25,Gentechnik
372,12,26,EU-Steuer
373,12,27,Kündigungsschutz
374,12,28,REST
375,12,29,D-Mark
376,12,30,REST
377,12,31,EU-Föderalismus
378,12,32,Mindestlohn
379,12,33,Christliche Werte
380,12,34,EU-Stabilitätspakt
381,12,35,Gentechnik
382,12,36,Direkte Demokratie
383,12,37,Rauchverbot
384,13,0,Ladenöffnungszeit
385,13,1,Schulsystem-Gliederung
386,13,2,Rauchverbot
387,13,3,Arbeitnehmer mit Migrationshintergrund
388,13,4,KiTa
389,13,5,Kopfnote
390,13,6,Studiengebühren
391,13,7,Autobahn
392,13,8,Digitale Grundrechte
393,13,9,Kulturaustausch
394,13,10,Privatisierung
395,13,11,Atomenergie
396,13,12,Gentechnik
397,13,13,Wahlrecht für Ausländer
398,13,14,Gewerbesteuer
399,13,15,Deutschexklusiv
400,13,16,Mindestlohn
401,13,17,Frauenquote
402,13,18,Ehe für Alle
403,13,19,Religionsunterricht
404,13,20,G8
405,13,21,Schuldenbremse
406,13,22,Universität
407,13,23,Bleiberecht
408,13,24,Steuer
409,13,25,kommunale Grundversorgung
410,13,26,Krankenhaus-Privatisierung
411,13,27,Politischer Extremismus
412,13,28,Arbeitslosigkeit
413,13,29,Polizei
414,13,30,Jugendstrafrecht
415,13,31,Flughafen
416,13,32,Ausbildung
417,13,33,Moschee
418,13,34,Schule
419,13,35,Wirtschaft&Politik
420,13,36,Wählen ab 16
421,13,37,Kohle
422,14,0,Privatisierung
423,14,1,Wählen ab 16
424,14,2,Müll
425,14,3,Ehe für Alle
426,14,4,Droge
427,14,5,Hotel
428,14,6,KiTa
429,14,7,Kulturaustausch
430,14,8,LANDESSPEZIFISCH
431,14,9,Jugendstrafrecht
432,14,10,Grunderwerbssteuer
433,14,11,Politischer Extremismus
434,14,12,Schule
435,14,13,Flüchtling
436,14,14,Direkte Demokratie
437,14,15,Autobahn
438,14,16,Arbeitnehmer mit Migrationshintergrund
439,14,17,Universität
440,14,18,LANDESSPEZIFISCH
441,14,19,Deutschexklusiv
442,14,20,Tempolimit
443,14,21,Politischer Extremismus
444,14,22,Schule
445,14,23,Polizisten-Kennzeichnung
446,14,24,Sozialer Wohnungsbau
447,14,25,Umweltzone
448,14,26,Gemeinsamer Unterricht
449,14,27,Mindestlohn
450,14,28,Videoüberwachung
451,14,29,Sprachtest
452,14,30,Frauenquote
453,14,31,Religionsunterricht
454,14,32,kommunale Grundversorgung
455,14,33,Arbeitslosigkeit
456,14,34,Projekt
457,14,35,Wahlrecht für Ausländer
458,14,36,Bundeswehr-Anwerbung
459,14,37,LANDESSPEZIFISCH
460,15,0,LANDESSPEZIFISCH
461,15,1,KiTa
462,15,2,ÖPNV
463,15,3,Flüchtling
464,15,4,Rauchverbot
465,15,5,Schule
466,15,6,Digitale Grundrechte
467,15,7,Gewerbesteuer
468,15,8,Arbeitnehmer mit Migrationshintergrund
469,15,9,Bank
470,15,10,G8
471,15,11,Verkehr
472,15,12,Direkte Demokratie
473,15,13,Arbeitnehmer mit Migrationshintergrund
474,15,14,Schule
475,15,15,Wahlrecht für Ausländer
476,15,16,Ladenöffnungszeit
477,15,17,kommunale Grundversorgung
478,15,18,Deutschexklusiv
479,15,19,Erneuerbare Energie
480,15,20,Kulturaustausch
481,15,21,Flussvertiefung
482,15,22,Studiengebühren
483,15,23,Mindestlohn
484,15,24,Moschee
485,15,25,Umweltzone
486,15,26,1-Euro-Job
487,15,27,Ehe für Alle
488,15,28,LANDESSPEZIFISCH
489,15,29,Wählen ab 16
490,15,30,Polizeieinsatz-Kosten
491,15,31,Schuldentilgung
492,15,32,Jugendstrafrecht
493,15,33,Privatisierung
494,15,34,Autobahn
495,15,35,Droge
496,15,36,Politischer Extremismus
497,15,37,Gebietsreform
498,16,0,Erneuerbare Energie
499,16,1,Schulsystem-Gliederung
500,16,2,Frauenquote
501,16,3,Tempolimit
502,16,4,Flüchtling
503,16,5,Flussvertiefung
504,16,6,LANDESSPEZIFISCH
505,16,7,Kulturaustausch
506,16,8,Gewerbesteuer
507,16,9,Flughafen
508,16,10,KiTa
509,16,11,Krankenversicherung
510,16,12,Religionsunterricht
511,16,13,Sozialpolitik
512,16,14,Friedenspolitik
513,16,15,Deutschexklusiv
514,16,16,Zentralabitur
515,16,17,Arbeitnehmer mit Migrationshintergrund
516,16,18,Ehe für Alle
517,16,19,Arbeitslosigkeit
518,16,20,Universität
519,16,21,Umweltzone
520,16,22,Wahlrecht für Ausländer
521,16,23,Schuldenbremse
522,16,24,LANDESSPEZIFISCH
523,16,25,Ladenöffnungszeit
524,16,26,1-Euro-Job
525,16,27,Direkte Demokratie
526,16,28,Moschee
527,16,29,BAföG
528,16,30,Hotel
529,16,31,Polizei
530,16,32,Privatisierung
531,16,33,Politischer Extremismus
532,16,34,LANDESSPEZIFISCH
533,16,35,Jugendarbeit
534,16,36,Atomenergie
535,16,37,Kultur
536,17,0,Ladenöffnungszeit
537,17,1,LANDESSPEZIFISCH
538,17,2,Schulsystem-Gliederung
539,17,3,Sprachtest
540,17,4,Atomenergie
541,17,5,Videoüberwachung
542,17,6,Frauenquote
543,17,7,Moschee
544,17,8,Mindestlohn
545,17,9,Zentralabitur
546,17,10,Kulturaustausch
547,17,11,Gewerbesteuer
548,17,12,Arbeitnehmerrechte
549,17,13,Religionsunterricht
550,17,14,Flughafen
551,17,15,Gentechnik
552,17,16,Arbeitnehmer mit Migrationshintergrund
553,17,17,Universität
554,17,18,Christliche Werte
555,17,19,Öffentlich-Rechtlicher Rundfunk
556,17,20,Flüchtling
557,17,21,Krankenversicherung
558,17,22,Bundeswehr-Anwerbung
559,17,23,Wahlrecht für Ausländer
560,17,24,Wirtschaft&Politik
561,17,25,KiTa
562,17,26,Gemeinsamer Unterricht
563,17,27,BAföG
564,17,28,Ehe für Alle
565,17,29,Rauchverbot
566,17,30,Religionsunterricht
567,17,31,Polizisten-Kennzeichnung
568,17,32,Studiengebühren
569,17,33,LANDESSPEZIFISCH
570,17,34,Betreuungsgeld
571,17,35,Politischer Extremismus
572,17,36,kommunale Grundversorgung
573,17,37,Wählen ab 16
574,18,0,Erneuerbare Energie
575,18,1,KiTa
576,18,2,LANDESSPEZIFISCH
577,18,3,Mindestlohn
578,18,4,REST
579,18,5,LANDESSPEZIFISCH
580,18,6,Arbeitslosigkeit
581,18,7,Sozialer Wohnungsbau
582,18,8,Wahlrecht
583,18,9,Gemeinsamer Unterricht
584,18,10,Atomenergie
585,18,11,Frauenquote
586,18,12,Videoüberwachung
587,18,13,Gewerbesteuer
588,18,14,Religionsunterricht
589,18,15,Ökologische Landwirtschaft
590,18,16,Jugendstrafrecht
591,18,17,Direkte Demokratie
592,18,18,Schule
593,18,19,kommunale Grundversorgung
594,18,20,Deutschexklusiv
595,18,21,Landarzt
596,18,22,Bundeswehr-Anwerbung
597,18,23,Bleiberecht
598,18,24,Kultur
599,18,25,Sozialpolitik
600,18,26,Verfassungsschutz
601,18,27,Verkehr
602,18,28,Parteiverbot
603,18,29,Krankenhaus-Privatisierung
604,18,30,Schulsystem-Gliederung
605,18,31,Arbeitnehmer mit Migrationshintergrund
606,18,32,Schülerticket
607,18,33,Wählen ab 16
608,18,34,Schule
609,18,35,Politischer Extremismus
610,18,36,Schuldenbremse
611,18,37,Umweltschutz
612,19,0,Ladenöffnungszeit
613,19,1,Schuldenbremse
614,19,2,Autobahn
615,19,3,Mietpreisbremse
616,19,4,Ökologische Landwirtschaft
617,19,5,Videoüberwachung
618,19,6,Gemeinsamer Unterricht
619,19,7,Cannabis
620,19,8,Länderfinanzausgleich
621,19,9,Moschee
622,19,10,BAföG
623,19,11,Atomenergie
624,19,12,Olympia
625,19,13,Frauenquote
626,19,14,Politischer Extremismus
627,19,15,Schulsystem-Gliederung
628,19,16,Vermögenssteuer
629,19,17,Erneuerbare Energie
630,19,18,Arbeitnehmer mit Migrationshintergrund
631,19,19,Krankenhaus-Privatisierung
632,19,20,Ehe für Alle
633,19,21,Direkte Demokratie
634,19,22,Deutschexklusiv
635,19,23,Wählen ab 16
636,19,24,Steuer
637,19,25,Verfassungsschutz
638,19,26,Ausbildung
639,19,27,Betreuungsgeld
640,19,28,Polizisten-Kennzeichnung
641,19,29,Steuer
642,19,30,KiTa
643,19,31,Kulturaustausch
644,19,32,Rente
645,19,33,Flüchtling
646,19,34,Feiertag
647,19,35,Flughafen
648,19,36,Religionsfreiheit
649,19,37,Umweltschutz
650,20,0,Mindestlohn
651,20,1,Betreuungsgeld
652,20,2,Tempolimit
653,20,3,D-Mark
654,20,4,REST
655,20,5,Videoüberwachung
656,20,6,Bedingungsloses Grundeinkommen
657,20,7,Ökologische Landwirtschaft
658,20,8,Gemeinsamer Unterricht
659,20,9,Steuer
660,20,10,Friedenspolitik
661,20,11,Kohle
662,20,12,Gesundheit
663,20,13,Bank
664,20,14,Flüchtling
665,20,15,Arbeitnehmerrechte
666,20,16,Parteiverbot
667,20,17,BAföG
668,20,18,Grenzkontrollen
669,20,19,Frauenquote
670,20,20,Länderfinanzausgleich
671,20,21,Rente
672,20,22,Arbeitnehmer mit Migrationshintergrund
673,20,23,Friedenspolitik
674,20,24,Steuer
675,20,25,Türkei
676,20,26,Wirtschaft&Politik
677,20,27,Erneuerbare Energie
678,20,28,Arbeitslosigkeit
679,20,29,Religionsfreiheit
680,20,30,Krankenversicherung
681,20,31,Eurobond
682,20,32,Ehe für Alle
683,20,33,Digitale Grundrechte
684,20,34,Mietpreisbremse
685,20,35,Staatsangehörigkeit
686,20,36,Verkehr
687,20,37,Direkte Demokratie
688,21,0,Atomenergie
689,21,1,Studiengebühren
690,21,2,Ladenöffnungszeit
691,21,3,Sitzenbleiben
692,21,4,Frauenquote
693,21,5,Jugendstrafrecht
694,21,6,Bank
695,21,7,Verkehr
696,21,8,Politischer Extremismus
697,21,9,Erneuerbare Energie
698,21,10,Arbeitslosigkeit
699,21,11,kommunale Grundversorgung
700,21,12,Religionsunterricht
701,21,13,Gesundheit
702,21,14,Arbeitnehmer mit Migrationshintergrund
703,21,15,Schuldenbremse
704,21,16,Mindestlohn
705,21,17,Autobahn
706,21,18,Deutschexklusiv
707,21,19,Umweltschutz
708,21,20,Direkte Demokratie
709,21,21,Betreuungsgeld
710,21,22,Krankenversicherung
711,21,23,Schule
712,21,24,Kulturaustausch
713,21,25,Kohle
714,21,26,Droge
715,21,27,Schule
716,21,28,Religionsfreiheit
717,21,29,Gewerbesteuer
718,21,30,Polizeieinsatz-Kosten
719,21,31,Gemeinsamer Unterricht
720,21,32,Flussvertiefung
721,21,33,Projekt
722,21,34,Steuer
723,21,35,Wirtschaft&Politik
724,21,36,Wählen ab 16
725,21,37,Tierschutz
726,22,0,Tempolimit
727,22,1,Polizei
728,22,2,Flughafen
729,22,3,Landarzt
730,22,4,Ehe für Alle
731,22,5,Arbeitnehmer mit Migrationshintergrund
732,22,6,Schule
733,22,7,Verfassungsschutz
734,22,8,Privatisierung
735,22,9,Direkte Demokratie
736,22,10,Flüchtling
737,22,11,Schulsystem-Gliederung
738,22,12,Verkehr
739,22,13,Tiere
740,22,14,Arbeitnehmerrechte
741,22,15,Politischer Extremismus
742,22,16,Gebietsreform
743,22,17,Cannabis
744,22,18,kommunale Grundversorgung
745,22,19,Bundeswehr-Anwerbung
746,22,20,Deutschexklusiv
747,22,21,Ökologische Landwirtschaft
748,22,22,Videoüberwachung
749,22,23,KiTa
750,22,24,Autobahn
751,22,25,Frauenquote
752,22,26,Grunderwerbssteuer
753,22,27,Kulturaustausch
754,22,28,Flughafen
755,22,29,Zentralabitur
756,22,30,Erneuerbare Energie
757,22,31,Flüchtling
758,22,32,Schule
759,22,33,Grenzkontrollen
760,22,34,Universität
761,22,35,Kohle
762,22,36,Tierschutz
763,22,37,Olympia
764,23,0,D-Mark
765,23,1,Direkte Demokratie
766,23,2,Gentechnik
767,23,3,Flüchtling
768,23,4,Mindestlohn
769,23,5,EU-Erweiterung
770,23,6,Ökologische Landwirtschaft
771,23,7,REST
772,23,8,EU-Föderalismus
773,23,9,Bank
774,23,10,Christliche Werte
775,23,11,Subvention
776,23,12,Frauenquote
777,23,13,EU-Armee
778,23,14,Wahlrecht
779,23,15,Ehe für Alle
780,23,16,Europa
781,23,17,Umweltschutz
782,23,18,Europa
783,23,19,Politischer Extremismus
784,23,20,Eurobond
785,23,21,REST
786,23,22,Türkei
787,23,23,Steuer
788,23,24,Prostitution
789,23,25,EU-Außenpolitik
790,23,26,Bank
791,23,27,Flüchtling
792,23,28,Direkte Demokratie
793,23,29,Verkehr
794,23,30,Entwicklungshilfe
795,23,31,Umweltschutz
796,23,32,EU-Steuer
797,23,33,Gesundheit
798,23,34,EU-Föderalismus
799,23,35,Grenzkontrollen
800,23,36,Managergehälter
801,23,37,EU-Föderalismus
802,24,0,Kohle
803,24,1,Schule
804,24,2,Ehe für Alle
805,24,3,Videoüberwachung
806,24,4,Gentechnik
807,24,5,Flüchtling
808,24,6,Tempolimit
809,24,7,Gewerbesteuer
810,24,8,Schülerticket
811,24,9,Öffentlich-Rechtlicher Rundfunk
812,24,10,Moschee
813,24,11,Sitzenbleiben
814,24,12,Betreuungsgeld
815,24,13,Feiertag
816,24,14,ÖPNV
817,24,15,Verfassungsschutz
818,24,16,Flüchtling
819,24,17,Bildungsurlaub
820,24,18,Schuldentilgung
821,24,19,Gemeinsamer Unterricht
822,24,20,Gigaliner
823,24,21,Politischer Extremismus
824,24,22,Mietpreisbremse
825,24,23,Religionsfreiheit
826,24,24,KiTa
827,24,25,Wahlrecht für Ausländer
828,24,26,Ökologische Landwirtschaft
829,24,27,Kulturaustausch
830,24,28,Studiengebühren
831,24,29,Religionsunterricht
832,24,30,Deutschexklusiv
833,24,31,Polizeieinsatz-Kosten
834,24,32,Arbeitslosigkeit
835,24,33,Wählen ab 16
836,24,34,Grenzkontrollen
837,24,35,Erneuerbare Energie
838,24,36,Arbeitnehmer mit Migrationshintergrund
839,24,37,Tierschutz
840,25,0,Sitzenbleiben
841,25,1,Flughafen
842,25,2,Rauchverbot
843,25,3,Projekt
844,25,4,Frauenquote
845,25,5,Erneuerbare Energie
846,25,6,Flüchtling
847,25,7,Beamtete Lehrer
848,25,8,LANDESSPEZIFISCH
849,25,9,Arbeitslosigkeit
850,25,10,Ehe für Alle
851,25,11,Meister
852,25,12,Parteiverbot
853,25,13,KiTa
854,25,14,Erneuerbare Energie
855,25,15,Verfassungsschutz
856,25,16,Arbeitnehmer mit Migrationshintergrund
857,25,17,Cannabis
858,25,18,Friedenspolitik
859,25,19,Grunderwerbssteuer
860,25,20,Polizei
861,25,21,Ladenöffnungszeit
862,25,22,Schule
863,25,23,Gebietsreform
864,25,24,Bildungsurlaub
865,25,25,Politischer Extremismus
866,25,26,BAföG
867,25,27,Traditionelles Familienbild
868,25,28,Deutschexklusiv
869,25,29,Ladenöffnungszeit
870,25,30,Schuldentilgung
871,25,31,Videoüberwachung
872,25,32,Ausbildung
873,25,33,Flüchtling
874,25,34,Schule
875,25,35,Betreuungsgeld
876,25,36,REST
877,25,37,Wählen ab 16
878,26,0,Olympia
879,26,1,Verkehr
880,26,2,Feiertag
881,26,3,Sitzenbleiben
882,26,4,Flussvertiefung
883,26,5,Sozialpolitik
884,26,6,Polizeieinsatz-Kosten
885,26,7,Kulturaustausch
886,26,8,Schuldentilgung
887,26,9,Friedenspolitik
888,26,10,Mietpreisbremse
889,26,11,Gemeinsamer Unterricht
890,26,12,Arbeitslosigkeit
891,26,13,Projekt
892,26,14,Atomenergie
893,26,15,Deutschexklusiv
894,26,16,Verkehr
895,26,17,Bank
896,26,18,Flüchtling
897,26,19,KiTa
898,26,20,LANDESSPEZIFISCH
899,26,21,Droge
900,26,22,Ausbildung
901,26,23,Politischer Extremismus
902,26,24,Müll
903,26,25,Krankenhaus-Privatisierung
904,26,26,Arbeitnehmer mit Migrationshintergrund
905,26,27,Polizei
906,26,28,Inklusion
907,26,29,Frauenquote
908,26,30,Sozialticket
909,26,31,Flüchtling
910,26,32,Gewerbesteuer
911,26,33,Videoüberwachung
912,26,34,Direkte Demokratie
913,26,35,Tierschutz
914,26,36,Wahlrecht für Ausländer
915,26,37,ÖPNV
916,27,0,Cannabis
917,27,1,Bundeswehr
918,27,2,Ladenöffnungszeit
919,27,3,Gentechnik
920,27,4,Tiere
921,27,5,REST
922,27,6,Direkte Demokratie
923,27,7,Wählen ab 16
924,27,8,Wahlrecht
925,27,9,Flüchtling
926,27,10,Arbeitnehmerrechte
927,27,11,Wirtschaft
928,27,12,REST
929,27,13,Krankenversicherung
930,27,14,Steuer
931,27,15,Schule
932,27,16,Kooperationsverbot
933,27,17,Schule
934,27,18,Schuldentilgung
935,27,19,Steuer
936,27,20,Vermögenssteuer
937,27,21,Friedenspolitik
938,27,22,Wehrpflicht
939,27,23,Außenpolitik
940,27,24,Bundeswehr
941,27,25,Abtreibung
942,27,26,Ehe für Alle
943,28,0,Flussvertiefung
944,28,1,Polizeieinsatz-Kosten
945,28,2,Ladenöffnungszeit
946,28,3,Privatisierung
947,28,4,Cannabis
948,28,5,Flüchtling
949,28,6,Gigaliner
950,28,7,Videoüberwachung
951,28,8,Kopfnote
952,28,9,Politischer Extremismus
953,28,10,Autobahn
954,28,11,REST
955,28,12,REST
956,28,13,Projekt
957,28,14,ÖPNV
958,28,15,Polizei
959,28,16,Arbeitslosigkeit
960,28,17,Gemeinsamer Unterricht
961,28,18,Tempolimit
962,28,19,Frauenquote
963,28,20,Deutschexklusiv
964,28,21,Schule
965,28,22,Atomenergie
966,28,23,Arbeitnehmer mit Migrationshintergrund
967,28,24,Traditionelles Familienbild
968,28,25,Steuer
969,28,26,Abschiebung
970,28,27,Militärische Forschung
971,28,28,REST
972,28,29,Arbeitnehmer mit Migrationshintergrund
973,28,30,Schulsystem-Gliederung
974,28,31,Politischer Extremismus
975,28,32,KiTa
976,28,33,Umweltzone
977,28,34,Droge
978,28,35,Schuldentilgung
979,28,36,Verfassungsschutz
980,28,37,LANDESSPEZIFISCH
981,29,0,REST
982,29,1,Flüchtling
983,29,2,Kohle
984,29,3,Politischer Extremismus
985,29,4,Gentechnik
986,29,5,Universität
987,29,6,Videoüberwachung
988,29,7,Steuer
989,29,8,Abschiebung
990,29,9,Schule
991,29,10,Arbeitnehmer mit Migrationshintergrund
992,29,11,Wahlrecht
993,29,12,Arbeitslosigkeit
994,29,13,Verkehr
995,29,14,Polizisten-Kennzeichnung
996,29,15,KiTa
997,29,16,Flussvertiefung
998,29,17,Deutschexklusiv
999,29,18,Polizeieinsatz-Kosten
1000,29,19,Studiengebühren
1001,29,20,Erneuerbare Energie
1002,29,21,Polizei
1003,29,22,Privatisierung
1004,29,23,Ehe für Alle
1005,29,24,Schuldenbremse
1006,29,25,Inklusion
1007,29,26,Verfassungsschutz
1008,29,27,Impfen
1009,29,28,Religionsunterricht
1010,29,29,Wahlrecht für Ausländer
1011,29,30,Projekt
1012,29,31,Cannabis
1013,29,32,Außenpolitik
1014,29,33,Arbeitnehmerrechte
1015,29,34,Bundeswehr-Anwerbung
1016,29,35,Flüchtling
1017,29,36,Ausbildung
1018,29,37,Bienen
1019,30,0,REST
1020,30,1,Erneuerbare Energie
1021,30,2,Schule
1022,30,3,Flüchtling
1023,30,4,Ökologische Landwirtschaft
1024,30,5,Frauenquote
1025,30,6,Schuldenbremse
1026,30,7,Traditionelles Familienbild
1027,30,8,Nebeneinkünfte
1028,30,9,Abschiebung
1029,30,10,Verkehr
1030,30,11,KiTa
1031,30,12,Integration
1032,30,13,Landarzt
1033,30,14,Flüchtling
1034,30,15,Außenpolitik
1035,30,16,Militärische Forschung
1036,30,17,Deutschexklusiv
1037,30,18,Atomenergie
1038,30,19,Vermögenssteuer
1039,30,20,Wahlrecht
1040,30,21,Videoüberwachung
1041,30,22,Inklusion
1042,30,23,Mietpreisbremse
1043,30,24,Politischer Extremismus
1044,30,25,ÖPNV
1045,30,26,Arbeitnehmerrechte
1046,30,27,Grunderwerbssteuer
1047,30,28,Religionsunterricht
1048,30,29,Ausbildung
1049,30,30,Polizeieinsatz-Kosten
1050,30,31,Cannabis
1051,30,32,Integration
1052,30,33,Arbeitslosigkeit
1053,30,34,Polizisten-Kennzeichnung
1054,30,35,Gemeinsamer Unterricht
1055,30,36,Feiertag
1056,30,37,Wählen ab 16
1057,31,0,Ökologische Landwirtschaft
1058,31,1,Verkehr
1059,31,2,KiTa
1060,31,3,REST
1061,31,4,Flüchtling
1062,31,5,Privatisierung
1063,31,6,Schule
1064,31,7,Polizisten-Kennzeichnung
1065,31,8,Gigaliner
1066,31,9,Deutschexklusiv
1067,31,10,Gebietsreform
1068,31,11,Ehe für Alle
1069,31,12,Arbeitnehmer mit Migrationshintergrund
1070,31,13,Polizeieinsatz-Kosten
1071,31,14,Erneuerbare Energie
1072,31,15,Kopftuch
1073,31,16,Mietpreisbremse
1074,31,17,Gentechnik
1075,31,18,Religionsunterricht
1076,31,19,Universität
1077,31,20,Wahlrecht
1078,31,21,Flüchtling
1079,31,22,Bundeswehr-Anwerbung
1080,31,23,Schuldenbremse
1081,31,24,Frauenquote
1082,31,25,Arbeitslosigkeit
1083,31,26,Nationalpark
1084,31,27,Flüchtling
1085,31,28,Außenpolitik
1086,31,29,Arbeitnehmer mit Migrationshintergrund
1087,31,30,Zentralabitur
1088,31,31,Politischer Extremismus
1089,31,32,Flughafen
1090,31,33,Wahlrecht
1091,31,34,Schulsystem-Gliederung
1092,31,35,Videoüberwachung
1093,31,36,Autobahn
1094,31,37,LANDESSPEZIFISCH
1095,32,0,Mietpreisbremse
1096,32,1,Flüchtling
1097,32,2,Ladenöffnungszeit
1098,32,3,Flughafen
1099,32,4,Schule
1100,32,5,Polizei
1101,32,6,Kultur
1102,32,7,Flüchtling
1103,32,8,Mietpreisbremse
1104,32,9,Schule
1105,32,10,Wahlrecht für Ausländer
1106,32,11,REST
1107,32,12,Bedingungsloses Grundeinkommen
1108,32,13,Schule
1109,32,14,Ehe für Alle
1110,32,15,Polizei
1111,32,16,Vermögenssteuer
1112,32,17,Traditionelles Familienbild
1113,32,18,Deutschexklusiv
1114,32,19,Cannabis
1115,32,20,KiTa
1116,32,21,Mindestlohn
1117,32,22,Moschee
1118,32,23,Universität
1119,32,24,Grunderwerbssteuer
1120,32,25,Rauchverbot
1121,32,26,Direkte Demokratie
1122,32,27,Beamtete Lehrer
1123,32,28,Droge
1124,32,29,Politischer Extremismus
1125,32,30,Sozialer Wohnungsbau
1126,32,31,Militärische Forschung
1127,32,32,Ausbildung
1128,32,33,Autobahn
1129,32,34,Wählen ab 16
1130,32,35,Arbeitslosigkeit
1131,32,36,ÖPNV
1132,32,37,LANDESSPEZIFISCH
1133,33,0,Ladenöffnungszeit
1134,33,1,Schule
1135,33,2,Feiertag
1136,33,3,Integration
1137,33,4,Erneuerbare Energie
1138,33,5,Direkte Demokratie
1139,33,6,Bedingungsloses Grundeinkommen
1140,33,7,Videoüberwachung
1141,33,8,G8
1142,33,9,Wahlrecht für Ausländer
1143,33,10,Grunderwerbssteuer
1144,33,11,Ehe für Alle
1145,33,12,Flughafen
1146,33,13,Arbeitnehmer mit Migrationshintergrund
1147,33,14,Gebietsreform
1148,33,15,Universität
1149,33,16,Autobahn
1150,33,17,Religionsfreiheit
1151,33,18,Frauenquote
1152,33,19,Deutschexklusiv
1153,33,20,Wählen ab 16
1154,33,21,Lehrer
1155,33,22,Abschiebung
1156,33,23,Jugendbeirat
1157,33,24,Digitale Grundrechte
1158,33,25,Inklusion
1159,33,26,Politischer Extremismus
1160,33,27,REST
1161,33,28,Religionsunterricht
1162,33,29,Ökologische Landwirtschaft
1163,33,30,KiTa
1164,33,31,Flüchtling
1165,33,32,Universität
1166,33,33,LANDESSPEZIFISCH
1167,33,34,Prostitution
1168,33,35,Kohle
1169,33,36,Cannabis
1170,33,37,Wahlrecht
1171,34,0,Schule
1172,34,1,LANDESSPEZIFISCH
1173,34,2,Ökologische Landwirtschaft
1174,34,3,Flüchtling
1175,34,4,Gebietsreform
1176,34,5,Ehe für Alle
1177,34,6,Arbeitnehmerrechte
1178,34,7,Verkehr
1179,34,8,Landarzt
1180,34,9,Videoüberwachung
1181,34,10,Bienen
1182,34,11,Lehrer
1183,34,12,LANDESSPEZIFISCH
1184,34,13,Grunderwerbssteuer
1185,34,14,Wahlrecht
1186,34,15,Bundeswehr-Anwerbung
1187,34,16,Traditionelles Familienbild
1188,34,17,REST
1189,34,18,Flüchtling
1190,34,19,Wirtschaft&Politik
1191,34,20,Bedingungsloses Grundeinkommen
1192,34,21,Mietpreisbremse
1193,34,22,Frauenquote
1194,34,23,Wahlrecht für Ausländer
1195,34,24,Cannabis
1196,34,25,Erneuerbare Energie
1197,34,26,Wirtschaft
1198,34,27,Bienen
1199,34,28,G8
1200,34,29,Schuldentilgung
1201,34,30,REST
1202,34,31,Ladenöffnungszeit
1203,34,32,Militärische Forschung
1204,34,33,REST
1205,34,34,Polizisten-Kennzeichnung
1206,34,35,Feiertag
1207,34,36,LANDESSPEZIFISCH
1208,34,37,LANDESSPEZIFISCH
1209,35,0,G8
1210,35,1,Ladenöffnungszeit
1211,35,2,Flussvertiefung
1212,35,3,KiTa
1213,35,4,Abschiebung
1214,35,5,Kohle
1215,35,6,REST
1216,35,7,Sozialer Wohnungsbau
1217,35,8,Polizeieinsatz-Kosten
1218,35,9,Mindestlohn
1219,35,10,Jugendbeirat
1220,35,11,Ökologische Landwirtschaft
1221,35,12,Grunderwerbssteuer
1222,35,13,Politischer Extremismus
1223,35,14,Schulsystem-Gliederung
1224,35,15,Resozialisierung
1225,35,16,Mietpreisbremse
1226,35,17,Verkehr
1227,35,18,Flüchtling
1228,35,19,Nationalpark
1229,35,20,Privatisierung
1230,35,21,Deutschexklusiv
1231,35,22,Universität
1232,35,23,Schulden
1233,35,24,Traditionelles Familienbild
1234,35,25,Arbeitnehmerrechte
1235,35,26,Integration
1236,35,27,Wählen ab 16
1237,35,28,Arbeitnehmer mit Migrationshintergrund
1238,35,29,Polizei
1239,35,30,Erneuerbare Energie
1240,35,31,Inklusion
1241,35,32,Tiere
1242,35,33,Arbeitslosigkeit
1243,35,34,Videoüberwachung
1244,35,35,Rauchverbot
1245,35,36,Arbeitnehmer mit Migrationshintergrund
1246,35,37,Direkte Demokratie
1247,36,0,Bundeswehr im Inneren
1248,36,1,Diesel
1249,36,2,Flüchtling
1250,36,3,Erneuerbare Energie
1251,36,4,Sozialer Wohnungsbau
1252,36,5,BAföG
1253,36,6,Videoüberwachung
1254,36,7,Außenpolitik
1255,36,8,Tempolimit
1256,36,9,Bundeswehr
1257,36,10,REST
1258,36,11,Ökologische Landwirtschaft
1259,36,12,Deutschexklusiv
1260,36,13,Arbeitnehmerrechte
1261,36,14,Impfen
1262,36,15,Privatisierung
1263,36,16,REST
1264,36,17,Schuldentilgung
1265,36,18,Ökologische Landwirtschaft
1266,36,19,Kohle
1267,36,20,Arbeitnehmerrechte
1268,36,21,Staatsangehörigkeit
1269,36,22,Rente
1270,36,23,D-Mark
1271,36,24,Frauenquote
1272,36,25,Vermögenssteuer
1273,36,26,Jugendstrafrecht
1274,36,27,Krankenversicherung
1275,36,28,Politischer Extremismus
1276,36,29,Grunderwerbssteuer
1277,36,30,Bundeswehr
1278,36,31,Cannabis
1279,36,32,Steuer
1280,36,33,Flüchtling
1281,36,34,Schule
1282,36,35,Religionsfreiheit
1283,36,36,Bedingungsloses Grundeinkommen
1284,36,37,Europa
